Player,Rk,Age,Tm,Pos,GP,G,A,PTS,+/-,PIM,PS,EV,PP,SH,GW,EV.1,PP.1,SH.1,S,S%,TOI,ATOI,BLK,HIT,FOW,FOL,FO%,Q,pop,prob_pts,team_full
Brent Burns,106,33,SJS,D,82,16,67,83,13,34,12.0,8,7,1,6,42,21,4,300,5.3,2058,25:06:00,105,90,0,1,0.0,1.0121951219512195,0.9761904761904762,0.988095238095238,San Jose Sharks
Mark Giordano,294,35,CGY,D,78,17,57,74,39,69,12.6,10,3,4,2,37,18,2,221,7.7,1891,24:14:00,144,58,0,0,,0.9487179487179487,0.9285714285714286,0.8809523809523809,Calgary Flames
Morgan Rielly,702,24,TOR,D,82,20,52,72,24,14,11.7,17,3,0,5,34,18,0,223,9.0,1896,23:07,114,61,0,1,0.0,0.8780487804878049,0.9761904761904762,0.8571428571428571,Toronto Maple Leafs
John Carlson,117,29,WSH,D,80,13,57,70,21,34,10.5,10,3,0,1,27,30,0,185,7.0,2005,25:04:00,164,54,0,0,,0.875,0.9523809523809523,0.8333333333333333,Washington Capitals
Tyson Barrie,37,27,COL,D,78,14,45,59,-3,36,8.4,12,2,0,2,22,23,0,218,6.4,1699,21:47,93,48,0,0,,0.7564102564102564,0.9285714285714286,0.7023809523809524,Colorado Avalanche
Roman Josi,411,28,NSH,D,82,15,41,56,9,42,9.9,13,2,0,4,30,10,1,274,5.5,2064,25:10:00,144,53,0,1,0.0,0.6829268292682927,0.9761904761904762,0.6666666666666667,Nashville Predators
Kris Letang,494,31,PIT,D,65,16,40,56,13,48,9.0,13,2,1,3,22,17,1,206,7.8,1687,25:58:00,111,116,0,0,,0.8615384615384616,0.7738095238095238,0.6666666666666667,Pittsburgh Penguins
Victor Hedman,352,28,TBL,D,70,12,42,54,24,44,8.9,10,2,0,4,18,23,1,182,6.6,1594,22:46,97,59,0,1,0.0,0.7714285714285715,0.8333333333333334,0.6428571428571429,Tampa Bay Lightning
Torey Krug,454,27,BOS,D,64,6,47,53,-2,33,7.1,4,2,0,2,19,28,0,151,4.0,1363,21:18,60,53,0,0,,0.828125,0.7619047619047619,0.6309523809523809,Boston Bruins
Jacob Trouba,848,24,WPG,D,82,8,42,50,8,58,7.5,4,3,1,1,25,15,2,162,4.9,1876,22:53,171,112,0,0,,0.6097560975609756,0.9761904761904762,0.5952380952380952,Winnipeg Jets
Ryan McDonagh,555,29,TBL,D,82,9,37,46,38,34,8.9,9,0,0,1,31,3,3,128,7.0,1811,22:05,161,98,0,0,,0.5609756097560976,0.9761904761904762,0.5476190476190477,Tampa Bay Lightning
Seth Jones,409,24,CBJ,D,75,9,37,46,1,28,7.5,9,0,0,4,24,10,3,184,4.9,1937,25:49:00,133,106,0,0,,0.6133333333333333,0.8928571428571429,0.5476190476190476,Columbus Blue Jackets
John Klingberg,440,26,DAL,D,64,10,35,45,6,12,8.5,5,5,0,5,20,15,0,153,6.5,1570,24:32:00,77,42,0,0,,0.703125,0.7619047619047619,0.5357142857142857,Dallas Stars
Erik Karlsson,422,28,SJS,D,53,3,42,45,6,22,6.0,1,2,0,1,24,18,0,169,1.8,1298,24:29:00,69,44,1,1,50.0,0.8490566037735849,0.6309523809523809,0.5357142857142857,San Jose Sharks
Mattias Ekholm,228,28,NSH,D,80,8,36,44,27,47,9.2,6,2,0,3,29,5,2,146,5.5,1869,23:22,107,68,0,0,,0.55,0.9523809523809523,0.5238095238095238,Nashville Predators
Zach Werenski,881,21,CBJ,D,82,11,33,44,-12,18,6.5,9,2,0,1,20,13,0,168,6.5,1878,22:54,89,67,0,0,,0.5365853658536586,0.9761904761904762,0.5238095238095238,Columbus Blue Jackets
Alex Pietrangelo,662,29,STL,D,71,13,28,41,2,22,7.3,10,3,0,2,15,12,1,168,7.7,1709,24:05:00,139,62,0,1,0.0,0.5774647887323944,0.8452380952380952,0.4880952380952381,St. Louis Blues
Ryan Ellis,233,28,NSH,D,82,7,34,41,21,20,8.4,5,1,1,2,30,4,0,149,4.7,1969,24:01:00,154,71,0,0,,0.5,0.9761904761904762,0.4880952380952381,Nashville Predators
Dougie Hamilton,337,25,CAR,D,82,18,21,39,0,54,7.6,16,2,0,2,16,5,0,259,6.9,1613,19:40,91,160,0,1,0.0,0.47560975609756095,0.9761904761904762,0.46428571428571425,Carolina Hurricanes
Ryan Pulock,679,24,NYI,D,82,9,28,37,21,22,8.3,6,3,0,3,22,6,0,180,5.0,1834,22:22,148,143,0,0,,0.45121951219512196,0.9761904761904762,0.44047619047619047,New York Islanders
Shea Theodore,832,23,VEG,D,79,12,25,37,-4,20,6.2,8,4,0,1,19,5,1,202,5.9,1588,20:06,91,27,1,0,100.0,0.46835443037974683,0.9404761904761905,0.44047619047619047,Vegas Golden Knights
Vince Dunn,216,22,STL,D,78,12,23,35,14,45,7.2,9,3,0,4,18,5,0,150,8.0,1368,17:32,68,48,0,1,0.0,0.44871794871794873,0.9285714285714286,0.4166666666666667,St. Louis Blues
Justin Faulk,247,26,CAR,D,82,11,24,35,9,47,7.4,5,6,0,3,20,4,0,217,5.1,1839,22:25,121,156,0,0,,0.4268292682926829,0.9761904761904762,0.41666666666666663,Carolina Hurricanes
T.J. Brodie,92,28,CGY,D,79,9,25,34,29,24,7.0,7,1,1,1,22,3,0,102,8.8,1696,21:28,86,21,0,1,0.0,0.43037974683544306,0.9404761904761905,0.40476190476190477,Calgary Flames
Miro Heiskanen,355,19,DAL,D,82,12,21,33,-14,16,6.5,10,2,0,4,14,6,1,182,6.6,1895,23:07,71,34,0,0,,0.4024390243902439,0.9761904761904762,0.39285714285714285,Dallas Stars
Noah Hanifin,339,22,CGY,D,80,5,28,33,18,12,5.7,3,1,1,2,23,4,1,116,4.3,1662,20:46,83,87,0,0,,0.4125,0.9523809523809523,0.3928571428571428,Calgary Flames
Mikhail Sergachev,758,20,TBL,D,75,6,26,32,12,28,5.1,6,0,0,0,20,6,0,128,4.7,1344,17:55,93,97,1,1,50.0,0.4266666666666667,0.8928571428571429,0.380952380952381,Tampa Bay Lightning
Esa Lindell,501,24,DAL,D,82,11,21,32,14,33,8.6,5,4,2,1,18,3,0,132,8.3,1995,24:20:00,161,143,0,0,,0.3902439024390244,0.9761904761904762,0.38095238095238093,Dallas Stars
Dustin Byfuglien,109,33,WPG,D,42,4,27,31,4,69,4.4,3,1,0,1,12,15,0,115,3.5,1023,24:22:00,51,77,0,0,,0.7380952380952381,0.5,0.36904761904761907,Winnipeg Jets
Josh Morrissey,582,23,WPG,D,59,6,25,31,9,14,5.2,2,3,1,2,17,7,1,95,6.3,1322,22:24,107,55,0,0,,0.5254237288135594,0.7023809523809523,0.36904761904761907,Winnipeg Jets
Tyler Myers,591,28,WPG,D,80,9,22,31,11,63,5.8,8,0,1,3,14,7,1,156,5.8,1628,20:21,99,97,0,0,,0.3875,0.9523809523809523,0.369047619047619,Winnipeg Jets
P.K. Subban,813,29,NSH,D,63,9,22,31,5,60,5.8,6,2,1,1,14,8,0,168,5.4,1428,22:40,75,56,0,0,,0.49206349206349204,0.75,0.369047619047619,Nashville Predators
Jaccob Slavin,776,24,CAR,D,82,8,23,31,0,18,6.0,2,5,1,1,20,2,1,146,5.5,1889,23:02,133,70,0,1,0.0,0.3780487804878049,0.9761904761904762,0.369047619047619,Carolina Hurricanes
Jake Gardiner,278,28,TOR,D,62,3,27,30,19,26,5.2,3,0,0,0,22,5,0,78,3.8,1315,21:13,64,61,0,1,0.0,0.4838709677419355,0.7380952380952381,0.35714285714285715,Toronto Maple Leafs
Nate Schmidt,747,27,VEG,D,61,9,21,30,22,8,6.9,8,1,0,1,14,7,0,112,8.0,1339,21:57,100,37,0,0,,0.4918032786885246,0.7261904761904762,0.35714285714285715,Vegas Golden Knights
Colin Miller,573,26,VEG,D,65,3,26,29,0,44,4.5,2,1,0,0,14,12,0,131,2.3,1277,19:39,64,122,0,0,,0.4461538461538462,0.7738095238095238,0.3452380952380953,Vegas Golden Knights
Dmitry Orlov,625,27,WSH,D,82,3,26,29,3,33,4.0,3,0,0,0,25,1,0,101,3.0,1774,21:38,103,137,0,0,,0.35365853658536583,0.9761904761904762,0.34523809523809523,Washington Capitals
Ryan Murray,588,25,CBJ,D,56,1,28,29,20,10,5.7,1,0,0,0,27,1,0,71,1.4,1201,21:26,93,27,0,0,,0.5178571428571429,0.6666666666666666,0.34523809523809523,Columbus Blue Jackets
Brett Pesce,654,24,CAR,D,73,7,22,29,35,24,7.9,7,0,0,2,20,0,2,98,7.1,1496,20:29,131,53,1,0,100.0,0.3972602739726027,0.8690476190476191,0.34523809523809523,Carolina Hurricanes
Colton Parayko,639,25,STL,D,80,10,18,28,20,15,7.2,6,4,0,3,13,4,1,176,5.7,1823,22:47,157,127,0,0,,0.35,0.9523809523809523,0.3333333333333333,St. Louis Blues
Charlie McAvoy,549,21,BOS,D,54,7,21,28,14,45,5.7,6,1,0,3,19,1,1,79,8.9,1197,22:10,91,92,0,0,,0.5185185185185185,0.6428571428571429,0.3333333333333333,Boston Bruins
Samuel Girard,295,20,COL,D,82,4,23,27,8,6,4.9,4,0,0,0,14,9,0,116,3.4,1631,19:54,90,65,1,0,100.0,0.32926829268292684,0.9761904761904762,0.32142857142857145,Colorado Avalanche
Nick Leddy,487,27,NYI,D,82,4,22,26,0,18,5.0,4,0,0,0,12,10,0,116,3.4,1767,21:33,89,77,0,0,,0.3170731707317073,0.9761904761904762,0.30952380952380953,New York Islanders
Marc-Edouard Vlasic,864,31,SJS,D,72,3,22,25,-6,10,3.2,3,0,0,0,21,1,0,100,3.0,1515,21:03,114,23,0,0,,0.3472222222222222,0.8571428571428571,0.2976190476190476,San Jose Sharks
Erik Johnson,400,30,COL,D,80,7,18,25,8,38,5.1,7,0,0,1,18,0,0,144,4.9,1745,21:49,143,124,0,0,,0.3125,0.9523809523809523,0.2976190476190476,Colorado Avalanche
Michal Kempny,432,28,WSH,D,71,6,19,25,24,60,5.3,6,0,0,3,19,0,0,111,5.4,1362,19:11,135,84,0,0,,0.352112676056338,0.8452380952380952,0.2976190476190476,Washington Capitals
Matt Niskanen,606,32,WSH,D,80,8,17,25,-3,41,3.6,7,1,0,1,15,1,1,143,5.6,1755,21:56,137,167,0,0,,0.3125,0.9523809523809523,0.2976190476190476,Washington Capitals
David Savard,734,28,CBJ,D,82,8,16,24,19,36,6.2,8,0,0,1,16,0,0,124,6.5,1619,19:45,123,122,0,0,,0.2926829268292683,0.9761904761904762,0.2857142857142857,Columbus Blue Jackets
Brian Dumoulin,215,27,PIT,D,76,3,20,23,31,20,5.7,3,0,0,0,16,0,4,99,3.0,1598,21:02,129,141,0,0,,0.3026315789473684,0.9047619047619048,0.27380952380952384,Pittsburgh Penguins
Ron Hainsey,332,37,TOR,D,81,5,18,23,30,21,5.6,4,0,1,0,18,0,0,81,6.2,1641,20:15,144,91,1,0,100.0,0.2839506172839506,0.9642857142857143,0.2738095238095238,Toronto Maple Leafs
Braydon Coburn,148,33,TBL,D,74,4,19,23,4,34,3.4,4,0,0,0,19,0,0,113,3.5,1192,16:07,62,96,0,0,,0.3108108108108108,0.8809523809523809,0.2738095238095238,Tampa Bay Lightning
Brenden Dillon,196,28,SJS,D,82,1,21,22,19,61,4.6,0,0,1,0,21,0,0,71,1.4,1455,17:45,78,201,0,0,,0.2682926829268293,0.9761904761904762,0.2619047619047619,San Jose Sharks
Adam Pelech,648,24,NYI,D,78,5,16,21,22,24,5.9,5,0,0,0,16,0,0,110,4.5,1453,18:38,116,149,0,0,,0.2692307692307692,0.9285714285714286,0.25,New York Islanders
Markus Nutivaara,614,24,CBJ,D,80,5,16,21,3,6,4.2,5,0,0,1,16,0,0,99,5.1,1414,17:41,61,80,0,0,,0.2625,0.9523809523809523,0.25,Columbus Blue Jackets
Ben Chiarot,135,27,WPG,D,78,5,15,20,6,62,3.8,5,0,0,1,14,0,1,111,4.5,1452,18:37,139,171,0,0,,0.2564102564102564,0.9285714285714286,0.23809523809523808,Winnipeg Jets
Rasmus Andersson,15,22,CGY,D,79,2,17,19,17,23,3.8,2,0,0,0,15,2,0,115,1.7,1267,16:02,83,52,0,0,,0.24050632911392406,0.9404761904761905,0.2261904761904762,Calgary Flames
Scott Mayfield,548,26,NYI,D,79,4,15,19,18,68,5.3,3,0,1,0,15,0,0,104,3.8,1480,18:44,159,118,0,1,0.0,0.24050632911392406,0.9404761904761905,0.2261904761904762,New York Islanders
Travis Hamonic,338,28,CGY,D,69,7,12,19,21,33,4.7,6,0,1,1,10,0,2,128,5.5,1440,20:52,167,44,0,1,0.0,0.2753623188405797,0.8214285714285714,0.2261904761904762,Calgary Flames
Johnny Boychuk,81,35,NYI,D,74,3,16,19,10,25,4.5,2,1,0,1,13,2,1,157,1.9,1393,18:50,120,144,0,0,,0.25675675675675674,0.8809523809523809,0.22619047619047616,New York Islanders
Devon Toews,841,24,NYI,D,48,5,13,18,7,4,3.8,4,1,0,2,10,3,0,81,6.2,859,17:54,30,24,0,1,0.0,0.375,0.5714285714285714,0.21428571428571427,New York Islanders
Matt Grzelcyk,322,25,BOS,D,66,3,15,18,9,68,4.0,2,1,0,0,10,5,0,90,3.3,1263,19:08,60,46,0,0,,0.2727272727272727,0.7857142857142857,0.21428571428571427,Boston Bruins
Jay Bouwmeester,79,35,STL,D,78,3,14,17,-3,40,3.5,3,0,0,1,14,0,0,82,3.7,1617,20:44,127,61,0,0,,0.21794871794871795,0.9285714285714286,0.20238095238095238,St. Louis Blues
Scott Harrington,344,25,CBJ,D,73,2,15,17,6,23,3.3,2,0,0,0,15,0,0,54,3.7,952,13:03,81,73,0,0,,0.2328767123287671,0.8690476190476191,0.20238095238095238,Columbus Blue Jackets
Anton Stralman,808,32,TBL,D,47,2,15,17,12,8,3.1,2,0,0,0,14,1,0,57,3.5,965,20:31,71,59,0,0,,0.3617021276595745,0.5595238095238095,0.20238095238095238,Tampa Bay Lightning
Travis Dermott,192,22,TOR,D,64,4,13,17,-5,22,2.1,4,0,0,0,13,0,0,98,4.1,1108,17:18,57,100,0,0,,0.265625,0.7619047619047619,0.20238095238095238,Toronto Maple Leafs
Dan Girardi,296,34,TBL,D,62,4,12,16,6,12,2.8,4,0,0,0,11,0,1,75,5.3,1104,17:48,108,151,0,0,,0.25806451612903225,0.7380952380952381,0.1904761904761905,Tampa Bay Lightning
Justin Braun,88,31,SJS,D,78,2,14,16,-14,35,1.6,2,0,0,0,13,1,0,105,1.9,1584,20:18,120,121,0,0,,0.20512820512820512,0.9285714285714286,0.19047619047619047,San Jose Sharks
Brayden McNabb,562,28,VEG,D,81,4,12,16,11,52,4.3,4,0,0,1,11,0,1,84,4.8,1578,19:29,139,200,0,0,,0.19753086419753085,0.9642857142857143,0.19047619047619047,Vegas Golden Knights
Erik Cernak,129,21,TBL,D,58,5,11,16,25,58,4.3,4,1,0,1,11,0,0,107,4.7,1117,19:15,79,198,0,0,,0.27586206896551724,0.6904761904761905,0.19047619047619047,Tampa Bay Lightning
Jonathon Merrill,568,26,VEG,D,57,3,12,15,16,53,4.0,2,0,1,0,12,0,0,72,4.2,1019,17:53,72,71,0,0,,0.2631578947368421,0.6785714285714286,0.17857142857142858,Vegas Golden Knights
Nick Holden,369,31,VEG,D,61,3,12,15,5,14,3.2,3,0,0,0,10,0,2,77,3.9,1116,18:18,76,104,0,0,,0.2459016393442623,0.7261904761904762,0.17857142857142858,Vegas Golden Knights
Justin Schultz,749,28,PIT,D,29,2,13,15,0,4,2.0,1,1,0,0,8,5,0,47,4.3,595,20:30,41,25,0,0,,0.5172413793103449,0.34523809523809523,0.17857142857142858,Pittsburgh Penguins
Ian Cole,150,29,COL,D,71,2,13,15,-1,115,2.6,2,0,0,0,13,0,0,82,2.4,1403,19:45,178,107,0,0,,0.2112676056338028,0.8452380952380952,0.17857142857142858,Colorado Avalanche
Nikita Zadorov,899,23,COL,D,70,7,7,14,19,75,4.4,7,0,0,0,7,0,0,100,7.0,1204,17:12,67,228,0,0,,0.2,0.8333333333333334,0.16666666666666669,Colorado Avalanche
Olli Maatta,516,24,PIT,D,60,1,13,14,9,12,2.7,0,1,0,1,10,3,0,74,1.4,1115,18:35,116,97,0,0,,0.23333333333333334,0.7142857142857143,0.16666666666666669,Pittsburgh Penguins
Trevor van Riemsdyk,855,27,CAR,D,78,3,11,14,-4,10,2.7,3,0,0,1,11,0,0,102,2.9,1175,15:04,84,42,0,0,,0.1794871794871795,0.9285714285714286,0.16666666666666669,Carolina Hurricanes
Zdeno Chara,132,41,BOS,D,62,5,9,14,22,57,4.8,4,1,0,2,7,2,0,99,5.1,1307,21:05,88,81,0,0,,0.22580645161290322,0.7380952380952381,0.16666666666666669,Boston Bruins
Calvin de Haan,181,27,CAR,D,74,1,13,14,1,20,3.1,1,0,0,1,13,0,0,102,1.0,1370,18:31,106,187,0,1,0.0,0.1891891891891892,0.8809523809523809,0.16666666666666669,Carolina Hurricanes
Nikita Zaitsev,900,27,TOR,D,81,3,11,14,2,18,2.4,3,0,0,0,11,0,0,71,4.2,1658,20:28,151,139,0,0,,0.1728395061728395,0.9642857142857143,0.16666666666666666,Toronto Maple Leafs
Jack Johnson,401,32,PIT,D,82,1,12,13,-4,41,1.8,0,1,0,0,9,1,2,86,1.2,1581,19:17,147,233,0,0,,0.15853658536585366,0.9761904761904762,0.15476190476190477,Pittsburgh Penguins
Tim Heed,353,28,SJS,D,37,2,11,13,9,10,2.5,1,1,0,0,9,2,0,41,4.9,532,14:22,31,16,0,0,,0.35135135135135137,0.44047619047619047,0.15476190476190477,San Jose Sharks
John Moore,579,28,BOS,D,61,4,9,13,0,26,2.8,2,2,0,1,8,1,0,97,4.1,1145,18:46,76,77,0,0,,0.21311475409836064,0.7261904761904762,0.15476190476190474,Boston Bruins
Deryk Engelland,234,36,VEG,D,74,2,10,12,-3,18,2.5,2,0,0,1,10,0,0,105,1.9,1471,19:53,152,165,0,0,,0.16216216216216217,0.8809523809523809,0.14285714285714285,Vegas Golden Knights
Taylor Fedun,248,30,DAL,D,54,4,7,11,2,14,2.9,4,0,0,0,4,2,1,86,4.7,748,13:51,58,19,0,0,,0.2037037037037037,0.6428571428571429,0.13095238095238096,Dallas Stars
Joel Edmundson,223,25,STL,D,64,2,9,11,8,68,3.2,2,0,0,1,9,0,0,102,2.0,1241,19:23,106,128,0,1,0.0,0.171875,0.7619047619047619,0.13095238095238093,St. Louis Blues
Patrik Nemeth,598,26,COL,D,74,1,9,10,5,53,2.3,1,0,0,0,8,0,1,57,1.8,1220,16:29,131,137,1,0,100.0,0.13513513513513514,0.8809523809523809,0.11904761904761905,Colorado Avalanche
Christian Djoos,197,24,WSH,D,45,1,9,10,9,4,2.0,1,0,0,0,9,0,0,33,3.0,611,13:34,28,18,0,0,,0.2222222222222222,0.5357142857142857,0.11904761904761904,Washington Capitals
Brandon Carlo,116,22,BOS,D,72,2,8,10,22,47,4.3,2,0,0,0,6,0,2,116,1.7,1506,20:55,88,134,1,0,100.0,0.1388888888888889,0.8571428571428571,0.11904761904761904,Boston Bruins
Robert Bortuzzo,75,29,STL,D,59,2,8,10,9,47,2.8,2,0,0,0,7,0,1,75,2.7,913,15:28,72,95,0,0,,0.1694915254237288,0.7023809523809523,0.11904761904761903,St. Louis Blues
Brooks Orpik,626,38,WSH,D,53,2,7,9,8,32,2.0,2,0,0,0,7,0,0,43,4.7,830,15:40,78,131,0,0,,0.16981132075471697,0.6309523809523809,0.10714285714285714,Washington Capitals
Roman Polak,671,32,DAL,D,77,1,8,9,6,69,3.8,1,0,0,0,8,0,0,77,1.3,1476,19:10,152,191,0,0,,0.11688311688311688,0.9166666666666666,0.10714285714285714,Dallas Stars
Radim Simek,770,26,SJS,D,41,1,8,9,7,8,1.9,1,0,0,1,8,0,0,41,2.4,624,15:13,34,67,0,0,,0.21951219512195122,0.4880952380952381,0.10714285714285714,San Jose Sharks
Yannick Weber,876,30,NSH,D,62,2,6,8,7,18,2.3,2,0,0,0,6,0,0,67,3.0,739,11:55,32,64,0,0,,0.12903225806451613,0.7380952380952381,0.09523809523809525,Nashville Predators
Oliver Kylington,468,21,CGY,D,38,3,5,8,3,10,1.5,3,0,0,1,5,0,0,21,14.3,472,12:25,41,11,0,0,,0.21052631578947367,0.4523809523809524,0.09523809523809523,Calgary Flames
Joseph Morrow,583,26,WPG,D,41,1,6,7,0,20,1.1,1,0,0,0,6,0,0,40,2.5,572,13:58,37,37,0,0,,0.17073170731707318,0.4880952380952381,0.08333333333333334,Winnipeg Jets
Matt Irwin,387,31,NSH,D,44,1,6,7,5,38,1.7,1,0,0,0,6,0,0,50,2.0,497,11:18,37,80,0,0,,0.1590909090909091,0.5238095238095238,0.08333333333333334,Nashville Predators
Carl Gunnarsson,327,32,STL,D,25,3,4,7,8,6,2.0,3,0,0,1,3,0,1,21,14.3,398,15:56,35,11,0,0,,0.28,0.2976190476190476,0.08333333333333334,St. Louis Blues
Joakim Ryan,726,25,SJS,D,44,0,7,7,-1,15,0.9,0,0,0,0,7,0,0,35,0.0,562,12:46,39,43,0,0,,0.1590909090909091,0.5238095238095238,0.08333333333333334,San Jose Sharks
Kevan Miller,575,31,BOS,D,39,0,7,7,8,35,2.0,0,0,0,0,7,0,0,32,0.0,692,17:45,79,73,0,0,,0.1794871794871795,0.4642857142857143,0.08333333333333334,Boston Bruins
Igor Ozhiganov,630,26,TOR,D,53,3,4,7,0,14,1.2,3,0,0,0,4,0,0,43,7.0,743,14:01,48,57,0,0,,0.1320754716981132,0.6309523809523809,0.08333333333333333,Toronto Maple Leafs
Steven Kampfer,418,30,BOS,D,35,3,3,6,-6,22,0.9,2,1,0,0,2,1,0,40,7.5,512,14:38,32,44,0,0,,0.17142857142857143,0.4166666666666667,0.07142857142857144,Boston Bruins
Dmitry Kulikov,462,28,WPG,D,57,0,6,6,4,47,1.4,0,0,0,0,6,0,0,40,0.0,893,15:40,71,88,0,0,,0.10526315789473684,0.6785714285714286,0.07142857142857142,Winnipeg Jets
Ryan Graves,313,23,COL,D,26,3,2,5,4,2,1.3,3,0,0,0,2,0,0,26,11.5,289,11:06,51,32,0,0,,0.19230769230769232,0.30952380952380953,0.05952380952380953,Colorado Avalanche
Dean Kukan,460,25,CBJ,D,25,0,5,5,6,6,1.3,0,0,0,0,5,0,0,16,0.0,337,13:28,21,16,0,0,,0.2,0.2976190476190476,0.05952380952380953,Columbus Blue Jackets
Juuso Riikola,703,25,PIT,D,37,2,3,5,3,10,1.2,0,2,0,1,3,0,0,43,4.7,617,16:41,38,86,0,0,,0.13513513513513514,0.44047619047619047,0.05952380952380953,Pittsburgh Penguins
Martin Marincin,536,26,TOR,D,24,1,4,5,-4,12,0.4,1,0,0,0,4,0,0,34,2.9,365,15:12,21,21,0,1,0.0,0.20833333333333334,0.2857142857142857,0.05952380952380952,Toronto Maple Leafs
Dan Hamhuis,336,36,NSH,D,57,0,5,5,-2,28,1.2,0,0,0,0,5,0,0,39,0.0,915,16:03,61,38,0,0,,0.08771929824561403,0.6785714285714286,0.05952380952380952,Nashville Predators
Gavin Bayreuther,42,24,DAL,D,19,2,3,5,2,10,1.4,2,0,0,0,1,2,0,25,8.0,346,18:11,19,11,0,0,,0.2631578947368421,0.2261904761904762,0.05952380952380952,Dallas Stars
Michael Stone,807,28,CGY,D,14,0,5,5,0,10,0.6,0,0,0,0,5,0,0,12,0.0,223,15:56,16,27,0,0,,0.35714285714285715,0.16666666666666666,0.05952380952380952,Calgary Flames
Jonas Siegenthaler,767,21,WSH,D,26,0,4,4,6,10,1.0,0,0,0,0,4,0,0,12,0.0,368,14:09,44,31,0,0,,0.15384615384615385,0.30952380952380953,0.04761904761904762,Washington Capitals
Julius Honka,372,23,DAL,D,29,0,4,4,-2,10,0.9,0,0,0,0,4,0,0,38,0.0,398,13:43,31,16,0,1,0.0,0.13793103448275862,0.34523809523809523,0.047619047619047616,Dallas Stars
Sami Niku,604,22,WPG,D,30,1,3,4,0,2,0.7,1,0,0,0,3,0,0,19,5.3,418,13:55,30,10,0,0,,0.13333333333333333,0.35714285714285715,0.047619047619047616,Winnipeg Jets
Thomas Hickey,361,29,NYI,D,40,0,4,4,5,33,1.6,0,0,0,0,3,0,1,47,0.0,740,18:30,71,40,0,0,,0.1,0.47619047619047616,0.047619047619047616,New York Islanders
Juuso Valimaki,853,20,CGY,D,24,1,2,3,-2,12,0.4,1,0,0,1,2,0,0,28,3.6,372,15:29,43,21,0,0,,0.125,0.2857142857142857,0.03571428571428571,Calgary Flames
Chris Butler,108,32,STL,D,13,1,1,2,3,0,0.7,1,0,0,0,1,0,0,10,10.0,183,14:02,17,17,0,0,,0.15384615384615385,0.15476190476190477,0.02380952380952381,St. Louis Blues
Tyler Lewington,497,24,WSH,D,2,1,1,2,3,7,0.5,1,0,0,0,1,0,0,3,33.3,28,13:48,1,4,0,0,,1.0,0.023809523809523808,0.023809523809523808,Washington Capitals
Dalton Prout,675,28,CGY,D,20,1,1,2,1,8,0.5,1,0,0,0,1,0,0,14,7.1,262,13:07,20,36,0,0,,0.1,0.23809523809523808,0.023809523809523808,Calgary Flames
Jordan Schmaltz,745,25,STL,D,20,0,2,2,-7,2,-0.1,0,0,0,0,2,0,0,11,0.0,230,11:29,22,10,0,0,,0.1,0.23809523809523808,0.023809523809523808,St. Louis Blues
Chad Ruhwedel,719,28,PIT,D,18,1,1,2,-9,4,-0.3,1,0,0,1,1,0,0,22,4.5,293,16:17,16,40,0,0,,0.1111111111111111,0.21428571428571427,0.023809523809523808,Pittsburgh Penguins
Justin Holl,370,27,TOR,D,11,0,1,1,-5,2,-0.2,0,0,0,0,1,0,0,6,0.0,137,12:29,5,9,0,0,,0.09090909090909091,0.13095238095238096,0.011904761904761906,Toronto Maple Leafs
Zach Trotman,847,28,PIT,D,13,0,1,1,4,4,0.5,0,0,0,0,0,1,0,16,0.0,198,15:16,18,20,0,0,,0.07692307692307693,0.15476190476190477,0.011904761904761906,Pittsburgh Penguins
Cameron Schilling,743,30,WPG,D,4,0,1,1,0,0,0.1,0,0,0,0,1,0,0,2,0.0,48,12:06,5,3,0,0,,0.25,0.047619047619047616,0.011904761904761904,Winnipeg Jets
Calle Rosen,712,24,TOR,D,4,1,0,1,-3,0,0.0,1,0,0,0,0,0,0,5,20.0,67,16:42,2,1,0,0,,0.25,0.047619047619047616,0.011904761904761904,Toronto Maple Leafs
Mark Barberio,35,28,COL,D,12,1,0,1,-6,4,-0.1,1,0,0,0,0,0,0,11,9.1,183,15:14,14,13,0,0,,0.08333333333333333,0.14285714285714285,0.011904761904761904,Colorado Avalanche
Luca Sbisa,735,29,NYI,D,9,0,1,1,0,4,0.3,0,0,0,0,1,0,0,5,0.0,139,15:28,7,17,0,0,,0.1111111111111111,0.10714285714285714,0.011904761904761904,New York Islanders
Ben Gleason,299,20,DAL,D,4,0,1,1,-1,0,0.1,0,0,0,0,1,0,0,2,0.0,60,14:53,1,2,0,0,,0.25,0.047619047619047616,0.011904761904761904,Dallas Stars
Jacob Middleton,571,23,SJS,D,3,0,1,1,-1,2,0.0,0,0,0,0,1,0,0,0,,30,9:56,2,1,0,0,,0.3333333333333333,0.03571428571428571,0.011904761904761904,San Jose Sharks
Jeremy Lauzon,485,21,BOS,D,16,1,0,1,-1,2,0.4,1,0,0,1,0,0,0,11,9.1,249,15:32,15,15,0,0,,0.0625,0.19047619047619047,0.011904761904761904,Boston Bruins
Connor Clifton,146,23,BOS,D,19,0,1,1,5,15,0.8,0,0,0,0,1,0,0,22,0.0,336,17:42,13,40,0,0,,0.05263157894736842,0.2261904761904762,0.011904761904761904,Boston Bruins
Dante Fabbro,242,20,NSH,D,4,1,0,1,-1,0,0.2,1,0,0,0,0,0,0,5,20.0,51,12:44,6,3,0,0,,0.25,0.047619047619047616,0.011904761904761904,Nashville Predators
Dillon Heatherington,351,23,DAL,D,5,0,1,1,4,0,0.5,0,0,0,0,1,0,0,5,0.0,51,10:11,2,6,0,0,,0.2,0.05952380952380952,0.011904761904761904,Dallas Stars
Haydn Fleury,254,22,CAR,D,20,0,1,1,4,2,0.7,0,0,0,0,1,0,0,17,0.0,251,12:32,21,25,0,0,,0.05,0.23809523809523808,0.011904761904761904,Carolina Hurricanes
Jimmy Schuldt,748,23,VEG,D,1,0,1,1,-1,0,0.0,0,0,0,0,1,0,0,1,0.0,21,21:03,1,0,0,0,,1.0,0.011904761904761904,0.011904761904761904,Vegas Golden Knights
Matt Donovan,200,28,NSH,D,2,0,1,1,0,2,0.1,0,0,0,0,1,0,0,1,0.0,15,7:24,3,0,0,0,,0.5,0.023809523809523808,0.011904761904761904,Nashville Predators
Urho Vaakanainen,852,20,BOS,D,2,0,0,0,-1,0,-0.1,0,0,0,0,0,0,0,2,0.0,18,9:06,0,0,0,0,,0.0,0.023809523809523808,0.0,Boston Bruins
Anton Lindholm,503,24,COL,D,2,0,0,0,-1,0,-0.1,0,0,0,0,0,0,0,0,,14,7:11,1,1,0,0,,0.0,0.023809523809523808,0.0,Colorado Avalanche
Jakub Jerabek,396,27,STL,D,1,0,0,0,-3,2,-0.2,0,0,0,0,0,0,0,1,0.0,8,7:52,1,0,0,0,,0.0,0.011904761904761904,0.0,St. Louis Blues
Nelson Nogier,608,22,WPG,D,1,0,0,0,0,0,0.0,0,0,0,0,0,0,0,1,0.0,10,10:06,1,0,0,0,,0.0,0.011904761904761904,0.0,Winnipeg Jets
Jakub Zboril,902,21,BOS,D,2,0,0,0,0,0,0.0,0,0,0,0,0,0,0,1,0.0,22,10:56,0,3,0,0,,0.0,0.023809523809523808,0.0,Boston Bruins
Jake Bean,44,20,CAR,D,2,0,0,0,0,2,0.0,0,0,0,0,0,0,0,1,0.0,17,8:28,0,1,0,0,,0.0,0.023809523809523808,0.0,Carolina Hurricanes
Marc Methot,570,33,DAL,D,9,0,0,0,-3,6,0.0,0,0,0,0,0,0,0,3,0.0,152,16:56,10,15,0,0,,0.0,0.10714285714285714,0.0,Dallas Stars
Gabriel Carlsson,118,22,CBJ,D,1,0,0,0,-1,2,-0.1,0,0,0,0,0,0,0,1,0.0,9,9:21,0,0,0,0,,0.0,0.011904761904761904,0.0,Columbus Blue Jackets
Trevor Carrick,123,24,CAR,D,1,0,0,0,-1,5,-0.1,0,0,0,0,0,0,0,0,,11,11:29,1,1,0,0,,0.0,0.011904761904761904,0.0,Carolina Hurricanes
Cameron Gaunce,285,28,TBL,D,2,0,0,0,3,7,0.2,0,0,0,0,0,0,0,2,0.0,31,15:40,1,4,0,0,,0.0,0.023809523809523808,0.0,Tampa Bay Lightning
Mark Alt,8,27,COL,D,2,0,0,0,0,0,0.0,0,0,0,0,0,0,0,2,0.0,20,9:55,2,0,0,0,,0.0,0.023809523809523808,0.0,Colorado Avalanche
Joel Hanley,340,27,DAL,D,16,0,0,0,0,2,0.4,0,0,0,0,0,0,0,9,0.0,219,13:42,16,16,0,0,,0.0,0.19047619047619047,0.0,Dallas Stars
Adam Clendening,144,26,CBJ,D,4,0,0,0,1,0,0.1,0,0,0,0,0,0,0,3,0.0,43,10:39,3,1,0,0,,0.0,0.047619047619047616,0.0,Columbus Blue Jackets
